Metrics,Value
Portfolio Volatility,0.018789914038533223
Sharpe Ratio,0.032320221186505294
Maximum Drawdown,-0.4541183524347004
