Metrics,Value
Total Return,0.460086810473602
Annual Return,0.07883293912594147
Volatility,0.20166674383856442
Sharpe Ratio,0.3909069865730949
Maximum Drawdown,-0.26583626304436625
